book-delta,book-imbalance,mid_price,timestamp,return_value
2.6972000000000005,447.90829376131296,50239000.0,2023-11-11 01:43:18.000713,0
2.6942000000000004,420.5480468273163,50239000.0,2023-11-11 01:43:19.023851,0
1.1648000000000005,-6.984002269804478,50239000.0,2023-11-11 01:43:20.040220,0
0.9643000000000002,28.16788148880005,50239000.0,2023-11-11 01:43:21.061868,0
0.9445000000000006,-18.130172111093998,50239000.0,2023-11-11 01:43:22.084368,0.0
0.9116,25.41038802266121,50239000.0,2023-11-11 01:43:23.105804,0.0
0.7435000000000005,-28.879221379756927,50239000.0,2023-11-11 01:43:24.124955,0.0
0.8139000000000007,-24.529044717550278,50239000.0,2023-11-11 01:43:25.174013,0.0
-0.02219999999999933,-106.4222451299429,50239000.0,2023-11-11 01:43:26.186007,0.0
-0.15749999999999975,-116.09198980033398,50239000.0,2023-11-11 01:43:27.204864,0.0
-0.10259999999999936,-845.9004369527102,50240500.0,2023-11-11 01:43:28.224540,2.9857282191126415e-05
-0.15109999999999957,-297.83037216961384,50239500.0,2023-11-11 01:43:29.239851,9.952427397042139e-06
-0.3714000000000004,-115.87981182336807,50239000.0,2023-11-11 01:43:30.259916,0.0
-0.3715000000000006,-116.63274198770523,50239000.0,2023-11-11 01:43:31.290594,0.0
0.8716000000000002,211.33291415125132,50238500.0,2023-11-11 01:43:32.337229,-3.980852101392303e-05
0.6956000000000002,140.85814318060875,50238500.0,2023-11-11 01:43:33.356827,-1.9904656694433662e-05
0.5765000000000002,126.49243304878473,50238500.0,2023-11-11 01:43:34.374652,-9.952427397042139e-06
0.4838,119.80506338179111,50238500.0,2023-11-11 01:43:35.419040,-9.952427397042139e-06
0.2749999999999999,80.88659458607435,50238500.0,2023-11-11 01:43:36.448514,0.0
0.27479999999999993,82.34072882682085,50238500.0,2023-11-11 01:43:37.489832,0.0
0.09779999999999989,79.26275377720594,50238500.0,2023-11-11 01:43:38.506884,0.0
-0.4885000000000004,-59.63727446645498,50238500.0,2023-11-11 01:43:39.523988,0.0
-0.5136000000000003,-51.53832329809666,50238500.0,2023-11-11 01:43:40.539491,0.0
-2.0231,-682.7854631990194,50237500.0,2023-11-11 01:43:41.556645,-1.9905052897678076e-05
-2.1088,-931.4510233476758,50237500.0,2023-11-11 01:43:42.569338,-1.9905052897678076e-05
-2.1083,-849.4477389976382,50237500.0,2023-11-11 01:43:43.586449,-1.9905052897678076e-05
0.018899999999999997,631.7174543067813,50223500.0,2023-11-11 01:43:44.604410,-0.00029857579346517115
-0.7746,-465.75121089816093,50223000.0,2023-11-11 01:43:45.624302,-0.0002886290121920876
-0.8696999999999999,-759.0923877283931,50221500.0,2023-11-11 01:43:46.641729,-0.00031848718586713115
0.06169999999999995,1032.0904724001884,50228000.0,2023-11-11 01:43:47.661963,-0.00018910176660860912
-0.0484,-565.9856440424919,50232000.0,2023-11-11 01:43:48.691307,0.00016924348163708223
-0.15020000000000003,-827.9284311011434,50231500.0,2023-11-11 01:43:49.717644,0.00016924516655715508
0.035899999999999974,-50.154508262872696,50228500.0,2023-11-11 01:43:50.731825,0.00013938253536831835
-0.11900000000000001,-732.1095039695501,50224000.0,2023-11-11 01:43:51.767191,-7.963685593692761e-05
0.0791,1080.4004519060254,50219000.0,2023-11-11 01:43:52.798612,-0.0002587991718426501
-0.8042999999999999,210.4496667906642,50219000.0,2023-11-11 01:43:53.815748,-0.00024884783452614395
2.3727,-730.9228997305036,50212500.0,2023-11-11 01:43:54.844791,-0.00031854425276486457
0.0037999999999999996,51.35845736414194,50209500.0,2023-11-11 01:43:55.862606,-0.0002887065944568334
2.3954999999999997,687.8432485461235,50207500.0,2023-11-11 01:43:56.868436,-0.00022899699316991578
0.0672,320.7635860219598,50207500.0,2023-11-11 01:43:57.891781,-0.00022899699316991578
0.038500000000000006,357.6585951074958,50204500.0,2023-11-11 01:43:58.908870,-0.0001593228777694797
1.2315,1367.8025027662516,50201500.0,2023-11-11 01:43:59.928757,-0.00015933239725549945
1.0513000000000001,-108.2602571696043,50203500.0,2023-11-11 01:44:00.957099,-7.966937210576109e-05
0.5878,1658.8857728466392,50201000.0,2023-11-11 01:44:01.985005,-0.00012946272967186178
5.985600000000001,123.35155964642763,50204500.0,2023-11-11 01:44:02.999852,0.0
1.0172999999999999,90.63346266001463,50203500.0,2023-11-11 01:44:04.005582,3.983944702847525e-05
0.029299999999999993,-367.8854494020343,50202000.0,2023-11-11 01:44:05.026985,-2.987839493262422e-05
0.030099999999999988,187.05425041913986,50201000.0,2023-11-11 01:44:06.059934,0.0
-0.11209999999999999,-748.7994109690189,50199500.0,2023-11-11 01:44:07.084003,-9.959266599607606e-05
0.4548,788.8247709274292,50197500.0,2023-11-11 01:44:08.104418,-0.00011951357973049688
-0.027300000000000005,-204.4476497322321,50200500.0,2023-11-11 01:44:09.109427,-2.9879287677781763e-05
0.07400000000000001,829.1858005821705,50199500.0,2023-11-11 01:44:10.124697,-2.9879882870859146e-05
0.3119,280.4117094054818,50201500.0,2023-11-11 01:44:11.125895,3.984103427324973e-05
1.2531,-622.8568192273378,50205500.0,2023-11-11 01:44:12.148629,0.00015937048657801682
0.07810000000000002,-190.45535675436258,50204500.0,2023-11-11 01:44:13.173774,7.968048127010687e-05
0.033500000000000016,-304.08838441967964,50204500.0,2023-11-11 01:44:14.205688,9.960258568312434e-05
-1.2452,-1571.9360346496105,50204500.0,2023-11-11 01:44:15.208555,5.975917054271287e-05
-0.849,335.92976300418377,50200000.0,2023-11-11 01:44:16.232890,-0.00010954975052534085
0.17980000000000004,548.814227886498,50196500.0,2023-11-11 01:44:17.257397,-0.00015934826559372168
0.0126,-75.22912357002497,50194000.0,2023-11-11 01:44:18.293812,-0.0002091445985917597
-0.037299999999999944,-206.7405199483037,50194500.0,2023-11-11 01:44:19.323836,-0.0001991853319921521
-0.18190000000000006,-155.16415810585022,50193500.0,2023-11-11 01:44:20.339428,-0.0001294820717131474
-0.3024,-199.87133218348026,50190500.0,2023-11-11 01:44:21.372173,-0.0001195302461326985
-0.40840000000000004,-554.5001749396324,50190500.0,2023-11-11 01:44:22.381817,-6.972944973502809e-05
-0.1997,-624.1531788855791,50186500.0,2023-11-11 01:44:23.401626,-0.00015938001175427587
-0.2128,-482.5004091858864,50180500.0,2023-11-11 01:44:24.438896,-0.00025899767898233836
-0.8849999999999999,-822.2051524966955,50175000.0,2023-11-11 01:44:25.446594,-0.0003088233829111087
-0.9479000000000001,-86.39060135930777,50171500.0,2023-11-11 01:44:26.469200,-0.000378557695181359
-0.049199999999999994,-271.9085003659129,50171500.0,2023-11-11 01:44:27.485702,-0.0002988851583593197
-0.055400000000000005,-551.9730209410191,50171500.0,2023-11-11 01:44:28.502912,-0.00017935253734020187
-0.04419999999999999,-383.10134962946177,50171000.0,2023-11-11 01:44:29.518763,-7.972097658196313e-05
-0.18520000000000003,-117.7124063745141,50166500.0,2023-11-11 01:44:30.547718,-9.965817246843328e-05
-0.013599999999999998,1586.5696578547359,50162500.0,2023-11-11 01:44:31.565571,-0.0001793847104431799
0.017099999999999997,262.29087571799755,50162500.0,2023-11-11 01:44:32.566626,-0.0001793847104431799
0.052199999999999996,303.1442150697112,50162500.0,2023-11-11 01:44:33.602861,-0.00016942058161089076
0.11589999999999998,400.5843066126108,50165000.0,2023-11-11 01:44:34.630512,-2.990043156289556e-05
-0.1515,-267.73511204123497,50168000.0,2023-11-11 01:44:35.649147,0.0001096436581111388
-0.25610000000000005,-982.1795764788985,50169500.0,2023-11-11 01:44:36.675613,0.0001395464739596312
-0.07460000000000001,-396.039154663682,50169500.0,2023-11-11 01:44:37.690210,0.0001395464739596312
-0.0781,-501.9454180300236,50169500.0,2023-11-11 01:44:38.701327,8.970397687630819e-05
0.15499999999999997,3380.2342464476824,50162500.0,2023-11-11 01:44:39.714348,-0.00010963163769733695
0.22139999999999999,-407.0509747713804,50168500.0,2023-11-11 01:44:40.745219,-1.9932429065468063e-05
-0.008199999999999999,221.7498361542821,50168500.0,2023-11-11 01:44:41.774310,-1.9932429065468063e-05
0.026400000000000007,-412.7757630497217,50171500.0,2023-11-11 01:44:42.791849,3.9864858130936125e-05
0.0014000000000000123,-189.39687724411488,50171500.0,2023-11-11 01:44:43.818050,0.0001794168950909544
-0.639,86.94591138511896,50172000.0,2023-11-11 01:44:44.834521,6.976489231290551e-05
0.1531,295.01233204454184,50172000.0,2023-11-11 01:44:45.860579,6.976489231290551e-05
0.1534,297.98839070647955,50172000.0,2023-11-11 01:44:46.874599,9.965817246843328e-06
0.1529,230.3206284046173,50171500.0,2023-11-11 01:44:47.889004,0.0
0.06000000000000001,-45.29673694819212,50171500.0,2023-11-11 01:44:48.902765,-9.9657179303197e-06
0.19000000000000003,515.3045246526599,50171500.0,2023-11-11 01:44:49.934998,-9.9657179303197e-06
0.11320000000000001,159.65419700741768,50171500.0,2023-11-11 01:44:50.968496,-9.9657179303197e-06
0.0636,80.33003690093756,50171500.0,2023-11-11 01:44:51.985143,0.0
0.2042,-235.53673208504915,50179500.0,2023-11-11 01:44:53.020543,0.00015945307594949324
2.7866999999999997,1008.0821988284588,50180500.0,2023-11-11 01:44:54.032925,0.0001793847104431799
1.1072,812.858142696321,50180500.0,2023-11-11 01:44:55.033078,0.0001793847104431799
1.1126,552.7520791068673,50180500.0,2023-11-11 01:44:56.054505,0.0001793847104431799
0.9631,361.08898331969976,50180500.0,2023-11-11 01:44:57.084290,1.99284568399446e-05
0.8202000000000002,-174.03717362880707,50179000.0,2023-11-11 01:44:58.097489,-2.989208955670031e-05
0.7252,108.23522607982159,50177500.0,2023-11-11 01:44:59.162943,-5.978417911340062e-05
0.8459000000000001,471.15710727125406,50175000.0,2023-11-11 01:45:00.189419,-0.00010960432837456782
0.07300000000000006,570.6507081463933,50173500.0,2023-11-11 01:45:01.221803,-0.00013949641793126812
1.0104,277.56644946336746,50173500.0,2023-11-11 01:45:02.249275,-0.00010960760477490584
1.143,1157.8306254073977,50171500.0,2023-11-11 01:45:03.271386,-0.00011957550695032634
1.0007,-62.59405243396759,50175500.0,2023-11-11 01:45:04.307573,9.96512207274539e-06
1.0473999999999997,1381.1039007976651,50172500.0,2023-11-11 01:45:05.320896,-1.993083998525118e-05
1.0071999999999999,419.00667338073254,50171500.0,2023-11-11 01:45:06.335801,-3.986167997050236e-05
1.007,418.16894786804914,50171500.0,2023-11-11 01:45:07.357285,0.0
1.0212999999999999,500.32675886154175,50170500.0,2023-11-11 01:45:08.381662,-9.965022770077029e-05
1.0915000000000001,491.88132590055466,50175000.0,2023-11-11 01:45:09.398689,4.982809307887787e-05
1.1347999999999998,1609.7359133139253,50172500.0,2023-11-11 01:45:10.427862,1.9931634493686655e-05
0.2387,845.8523018285632,50169000.0,2023-11-11 01:45:11.450808,-4.982908623421664e-05
1.0282,922.9342480674386,50169500.0,2023-11-11 01:45:12.481048,-1.9932031771658643e-05
-0.1658,-90.64172630757093,50167500.0,2023-11-11 01:45:13.513224,-0.00014947683109118088
-0.0931,1157.305187381804,50161500.0,2023-11-11 01:45:14.541297,-0.00021924360954706263
12.3222,26.921462059020996,50168500.0,2023-11-11 01:45:15.565758,-9.966313859156052e-06
12.204,479.669355250895,50168500.0,2023-11-11 01:45:16.581036,-1.9932429065468063e-05
12.0522,631.3934348076582,50168500.0,2023-11-11 01:45:17.626428,1.993322370060298e-05
11.4084,412.2714734226465,50168500.0,2023-11-11 01:45:18.645682,0.00013954925590343192
11.4004,412.68632804602385,50168500.0,2023-11-11 01:45:19.668177,0.0
11.3955,411.90880761295557,50168500.0,2023-11-11 01:45:20.675851,0.0
10.898499999999999,405.8915638849139,50168500.0,2023-11-11 01:45:21.680980,0.0
10.8948,405.84581407159567,50168500.0,2023-11-11 01:45:22.707746,0.0
10.8896,405.7814925611019,50168500.0,2023-11-11 01:45:23.730088,0.0
10.878499999999999,407.0917113572359,50168500.0,2023-11-11 01:45:24.751899,0.0
8.4315,372.9743599444628,50168500.0,2023-11-11 01:45:25.768148,0.0
8.4374,372.03193271905184,50168500.0,2023-11-11 01:45:26.787263,0.0
8.4229,371.804809525609,50168500.0,2023-11-11 01:45:27.803906,0.0
8.4347,373.75242698192596,50168500.0,2023-11-11 01:45:28.817307,0.0
8.9837,570.8412230089307,50168500.0,2023-11-11 01:45:29.834229,0.0
9.1959,624.3045858591795,50168500.0,2023-11-11 01:45:30.853013,0.0
9.3315,-368.38761080801487,50173500.0,2023-11-11 01:45:31.899518,9.96641318755793e-05
9.163300000000001,295.1940569356084,50173000.0,2023-11-11 01:45:33.148553,8.969771868802137e-05
9.199900000000001,1999.0719041451812,50170500.0,2023-11-11 01:45:34.183656,3.986565275023172e-05
9.185400000000001,760.2353078722954,50169500.0,2023-11-11 01:45:35.215563,1.993282637511586e-05
9.175600000000001,747.6089713126421,50169500.0,2023-11-11 01:45:36.243508,-7.972335994100472e-05
9.185,759.8615225106478,50169500.0,2023-11-11 01:45:37.271260,-6.975863512247624e-05
9.185,759.8615225106478,50169500.0,2023-11-11 01:45:38.315620,-1.9932031771658643e-05
9.0657,779.484315186739,50170000.0,2023-11-11 01:45:39.340404,9.966214532734031e-06
9.134700000000002,587.0572183951735,50170000.0,2023-11-11 01:45:40.366108,9.966214532734031e-06
9.196500000000002,686.9080916270614,50170000.0,2023-11-11 01:45:41.392022,9.966214532734031e-06
8.547999999999998,473.6314478740096,50168500.0,2023-11-11 01:45:42.435413,-1.9932429065468063e-05
8.5322,452.0155556052923,50168500.0,2023-11-11 01:45:43.471351,-2.9898345624875424e-05
8.5541,687.7481375932693,50168500.0,2023-11-11 01:45:44.485607,-2.9898345624875424e-05
7.8558,605.8530484437943,50169000.0,2023-11-11 01:45:45.502046,-1.9932230416583615e-05
7.8588000000000005,642.7461901679635,50169000.0,2023-11-11 01:45:46.520592,9.96641318755793e-06
7.0805,463.66289991885424,50169000.0,2023-11-11 01:45:47.534150,9.96641318755793e-06
7.875500000000001,692.6512909159064,50169000.0,2023-11-11 01:45:48.558411,9.96641318755793e-06
7.779900000000001,514.0841025933623,50168500.0,2023-11-11 01:45:49.584500,-9.966313859156052e-06
7.738,532.3545452877879,50168500.0,2023-11-11 01:45:50.609558,-9.966313859156052e-06
7.885199999999999,836.013344116509,50168500.0,2023-11-11 01:45:51.620385,-9.966313859156052e-06
7.819599999999999,826.3308757320046,50169000.0,2023-11-11 01:45:52.653073,0.0
8.3068,923.2496249079704,50172500.0,2023-11-11 01:45:53.669199,7.973130550046344e-05
0.4188,-172.6924766227603,50175500.0,2023-11-11 01:45:54.690475,0.00013952978462581102
0.44179999999999997,95.35178001224995,50178500.0,2023-11-11 01:45:55.717639,0.0001993282637511586
0.185,368.58612610399723,50178500.0,2023-11-11 01:45:56.744962,0.000189359963323965
-0.007599999999999982,-235.257568128407,50179000.0,2023-11-11 01:45:57.761607,0.00012955304200508246
-0.019599999999999992,-307.59844341129065,50178500.0,2023-11-11 01:45:58.778289,5.979013662046218e-05
-0.08139999999999996,-447.2908445522189,50178500.0,2023-11-11 01:45:59.801704,0.0
0.023499999999999965,-565.102262429893,50179000.0,2023-11-11 01:46:00.822993,9.964426995625616e-06
0.4036,157.81738421320915,50180000.0,2023-11-11 01:46:01.845868,1.9928655413619244e-05
0.2604,-152.64470959454775,50179000.0,2023-11-11 01:46:02.858775,9.964426995625616e-06
2.5302999999999995,860.5026272535324,50181500.0,2023-11-11 01:46:03.878785,5.97865619737537e-05
0.1564,221.15682215243578,50180500.0,2023-11-11 01:46:04.884069,2.9892983120428864e-05
0.11630000000000001,124.23143406957388,50180500.0,2023-11-11 01:46:05.922905,9.964129135113591e-06
0.03040000000000001,-381.93828822672367,50180500.0,2023-11-11 01:46:06.946886,2.9892983120428864e-05
0.0469,-241.43171651661396,50182000.0,2023-11-11 01:46:07.964313,9.963831292408558e-06
0.0972,148.64270804822445,50181500.0,2023-11-11 01:46:08.984874,1.9928059704466875e-05
0.033,-340.7516404390335,50181000.0,2023-11-11 01:46:10.012522,9.964029852233437e-06
-0.03949999999999999,-696.6781517714262,50180500.0,2023-11-11 01:46:11.043367,0.0
2.5531999999999995,1460.467344738543,50177500.0,2023-11-11 01:46:12.066152,-8.967358813917341e-05
0.27680000000000005,541.7296191677451,50177500.0,2023-11-11 01:46:13.093104,-7.971065033926846e-05
-0.089,-456.3546856120229,50179500.0,2023-11-11 01:46:14.121726,-2.9891791713995336e-05
-0.08900000000000001,-431.53447821736336,50179500.0,2023-11-11 01:46:15.141923,-1.9928059704466875e-05
-0.12639999999999998,-475.4583385363221,50179500.0,2023-11-11 01:46:16.158194,3.9858502316775445e-05
-0.09639999999999999,-997.2749380022287,50179000.0,2023-11-11 01:46:17.174695,2.9893876737581586e-05
7.776,-468.8790041729808,50175500.0,2023-11-11 01:46:18.210143,-7.97138273597784e-05
7.8061,-884.7910378426313,50175500.0,2023-11-11 01:46:19.249010,-7.97138273597784e-05
7.8031,-936.5853981524706,50175500.0,2023-11-11 01:46:20.268415,-7.97138273597784e-05
7.975699999999999,1606.0735106244683,50170500.0,2023-11-11 01:46:21.317892,-0.00016939357101576356
10.3538,440.05659841001034,50174500.0,2023-11-11 01:46:22.335683,-1.993004554015406e-05
10.4176,1171.3861635923386,50173500.0,2023-11-11 01:46:23.353821,-3.986009108030812e-05
-0.1266,-536.3044274821877,50177000.0,2023-11-11 01:46:24.385428,2.989506831023109e-05
-0.1338,-1112.6556004360318,50179000.0,2023-11-11 01:46:25.408158,0.00016942227005909848
-0.08719999999999999,-823.4383874535561,50178500.0,2023-11-11 01:46:26.574885,7.972177101914319e-05
-0.11889999999999999,-862.2221604138613,50178500.0,2023-11-11 01:46:27.634966,9.96541999262559e-05
-0.1219,-913.5518901646137,50178500.0,2023-11-11 01:46:28.635114,2.9894174621838692e-05
-0.1219,-913.5518901646137,50178500.0,2023-11-11 01:46:29.650386,-9.964327706809622e-06
13.5688,1166.3063400611281,50171500.0,2023-11-11 01:46:30.668804,-0.00013950197793875864
10.2658,945.9110286012292,50171500.0,2023-11-11 01:46:31.669956,-0.00013950197793875864
10.1324,459.30316331237555,50176500.0,2023-11-11 01:46:32.702743,-3.9857707982502466e-05
-0.1999,-598.3975844457746,50179000.0,2023-11-11 01:46:33.736195,9.964426995625616e-06
0.257,546.7619552984834,50183000.0,2023-11-11 01:46:34.777763,0.00022921379667739653
2.6173,443.94595492631197,50186500.0,2023-11-11 01:46:35.795216,0.00029897451740529984
4.7864,-301.5436926037073,50192500.0,2023-11-11 01:46:36.814626,0.0003188743734616803
3.3894,175.6446425318718,50199500.0,2023-11-11 01:46:37.839337,0.0004085374359791945
3.3167,88.6203410550952,50198500.0,2023-11-11 01:46:38.852658,0.00030886953749277644
3.3282,385.7244556322694,50199000.0,2023-11-11 01:46:39.852861,0.0002490709652994331
3.3221,292.3607669174671,50199000.0,2023-11-11 01:46:40.865504,0.00012950141953479104
2.4553,930.3327497392893,50198000.0,2023-11-11 01:46:41.897744,-2.98807757049373e-05
2.3595,1128.447464093566,50193500.0,2023-11-11 01:46:42.917457,-9.960456985766507e-05
2.433,724.3470942527056,50194500.0,2023-11-11 01:46:43.958996,-8.964321998446185e-05
3.2361000000000004,-61.61638195812702,50196500.0,2023-11-11 01:46:44.980654,-4.9801788880256577e-05
0.8361000000000001,-191.10264886915684,50196500.0,2023-11-11 01:46:46.008401,-2.9881668592374197e-05
0.8361000000000001,-191.10264886915684,50196500.0,2023-11-11 01:46:47.027555,5.976869514977039e-05
0.8311,820.8338195607066,50194000.0,2023-11-11 01:46:48.053121,-9.961250734642242e-06
-0.009200000000000002,-207.23926233500242,50194000.0,2023-11-11 01:46:49.096559,-4.980426922195771e-05
0.8471,258.6032778993249,50194000.0,2023-11-11 01:46:50.130342,-4.980426922195771e-05
0.8471,258.6032778993249,50194000.0,2023-11-11 01:46:51.173327,-4.980426922195771e-05
0.842,160.16648741066456,50194000.0,2023-11-11 01:46:52.209237,0.0
0.8471,258.6032778993249,50194000.0,2023-11-11 01:46:53.234882,0.0
0.8172,1009.8118359223008,50192500.0,2023-11-11 01:46:54.266647,-2.988404988644061e-05
0.5663,1042.2614741027355,50194000.0,2023-11-11 01:46:55.306232,0.0
-0.256,-738.0100988000631,50205500.0,2023-11-11 01:46:56.320241,0.00022911104912937802
-0.25229999999999997,-687.6385726034641,50203500.0,2023-11-11 01:46:57.341720,0.00018926564928079052
-0.1694,-444.96027152240276,50203000.0,2023-11-11 01:46:58.356897,0.00020919460078697017
-0.004499999999999999,191.9956989362836,50201500.0,2023-11-11 01:46:59.390487,0.00014942024943220304
-0.1581,-1094.2193091958761,50200000.0,2023-11-11 01:47:00.411390,-0.00010954975052534085
-0.3153,-922.9567297250032,50192000.0,2023-11-11 01:47:01.442121,-0.00022906769448345236
-0.28969999999999996,-1029.837993979454,50190000.0,2023-11-11 01:47:02.486591,-0.00025894866840627055
-0.3979000000000001,-1468.8107269331813,50192000.0,2023-11-11 01:47:03.502607,-0.00018923737338525742
-0.31160000000000004,184.0403194874525,50188500.0,2023-11-11 01:47:04.529299,-0.0002290836653386454
-0.2996,-693.7091711610556,50187500.0,2023-11-11 01:47:05.556370,-8.965572202741473e-05
-0.3393,-696.3618137836456,50184500.0,2023-11-11 01:47:06.583115,-0.00010958358238692967
-0.32330000000000003,-712.5530261546373,50184500.0,2023-11-11 01:47:07.607768,-0.00014942620337902453
-0.22490000000000002,-2411.8149441331625,50185500.0,2023-11-11 01:47:08.635807,-5.977464957111689e-05
8.091399999999998,1870.4084721505642,50178500.0,2023-11-11 01:47:09.664512,-0.0001793275217932752
0.7742000000000001,1737.454486168921,50174500.0,2023-11-11 01:47:10.692237,-0.00019926471320826151
8.7344,802.5630973502994,50174500.0,2023-11-11 01:47:11.721848,-0.00019926471320826151
8.0053,-21.13556417822838,50175000.0,2023-11-11 01:47:12.730085,-0.00020922377977702724
7.7261,1499.148335583508,50171000.0,2023-11-11 01:47:13.757803,-0.00014946640493438424
7.482800000000001,1120.0372089743614,50169000.0,2023-11-11 01:47:14.797714,-0.00010961743515132188
7.373900000000001,704.503298997879,50169000.0,2023-11-11 01:47:15.830149,-0.00010961743515132188
7.149000000000001,496.7340766340494,50169000.0,2023-11-11 01:47:16.860095,-0.0001195814648729447
6.6770000000000005,345.877616725862,50168500.0,2023-11-11 01:47:17.877684,-4.9829582826732575e-05
6.677200000000001,345.838640473783,50168500.0,2023-11-11 01:47:18.892259,-9.966313859156052e-06
6.3344000000000005,308.5007070079446,50168500.0,2023-11-11 01:47:19.906855,-9.966313859156052e-06
6.511200000000001,483.10571206361055,50168500.0,2023-11-11 01:47:20.920475,-9.966313859156052e-06
6.508400000000001,480.0756319835782,50168500.0,2023-11-11 01:47:21.938062,0.0
6.363700000000001,476.56101179122925,50168500.0,2023-11-11 01:47:22.952952,0.0
6.363900000000001,476.77488228678703,50168500.0,2023-11-11 01:47:23.971658,0.0
6.368900000000001,381.71062383800745,50168500.0,2023-11-11 01:47:24.976962,0.0
6.238500000000002,399.9024442359805,50168500.0,2023-11-11 01:47:25.992143,0.0
6.106400000000002,395.99952994287014,50168500.0,2023-11-11 01:47:27.005862,0.0
6.071700000000002,372.45653438568115,50168500.0,2023-11-11 01:47:28.026437,0.0
3.3863000000000008,407.3280653730035,50169500.0,2023-11-11 01:47:29.051106,1.993282637511586e-05
3.3679000000000006,388.6466845571995,50169500.0,2023-11-11 01:47:30.088059,1.993282637511586e-05
3.3035000000000005,225.24804459512234,50169500.0,2023-11-11 01:47:31.115714,1.993282637511586e-05
6.235200000000001,1390.5535659566522,50170500.0,2023-11-11 01:47:32.133116,3.986565275023172e-05
6.1955,856.2367610186338,50170000.0,2023-11-11 01:47:33.145489,9.966214532734031e-06
6.145700000000001,735.3823283910751,50170000.0,2023-11-11 01:47:34.166077,9.966214532734031e-06
6.129099999999999,1019.4208879470825,50169500.0,2023-11-11 01:47:35.186425,0.0
3.2514,519.7838237136602,50169000.0,2023-11-11 01:47:36.232515,-2.9898047657487966e-05
3.252,297.18111523240805,50169500.0,2023-11-11 01:47:37.256812,-9.966115208291807e-06
3.242999999999999,466.16015262901783,50169000.0,2023-11-11 01:47:38.278172,-1.9932230416583615e-05
3.1755999999999993,377.40414167940617,50169000.0,2023-11-11 01:47:39.300172,-9.966214532734031e-06
3.2333999999999996,481.3517111763358,50169000.0,2023-11-11 01:47:40.310241,0.0
3.2105999999999995,499.96012261509895,50169000.0,2023-11-11 01:47:41.328606,-9.966214532734031e-06
3.2125999999999992,572.0278178229928,50169000.0,2023-11-11 01:47:42.360231,0.0
5.337400000000001,1448.2007190659642,50170000.0,2023-11-11 01:47:43.375574,1.9932627718312105e-05
5.189500000000001,-735.5016809627414,50173500.0,2023-11-11 01:47:44.407772,8.969682473240447e-05
5.1753,-247.78181424736977,50172500.0,2023-11-11 01:47:45.429234,6.976419701409237e-05
5.1753,-247.78181424736977,50172500.0,2023-11-11 01:47:46.478090,6.976419701409237e-05
3.0078,852.7797898426652,50168500.0,2023-11-11 01:47:47.496863,-2.9898345624875424e-05
2.9997,736.3264060169458,50168500.0,2023-11-11 01:47:48.520275,-9.96541999262559e-05
2.8039,758.3586142733693,50168500.0,2023-11-11 01:47:49.536426,-7.972494892620459e-05
2.7304000000000004,816.7259578257799,50169000.0,2023-11-11 01:47:50.551526,-6.975933031042901e-05
2.7527,723.4079437330365,50168500.0,2023-11-11 01:47:51.574875,0.0
2.6622,601.0056170746684,50168500.0,2023-11-11 01:47:52.599019,0.0
2.6909,719.7943349629641,50168500.0,2023-11-11 01:47:53.629500,0.0
2.0018000000000002,570.5341047123075,50168500.0,2023-11-11 01:47:54.650796,-9.966313859156052e-06
1.8723,418.27350030094385,50168500.0,2023-11-11 01:47:55.675399,0.0
1.7789,181.05801420658827,50168500.0,2023-11-11 01:47:56.701600,0.0
1.6845999999999999,232.87368045002222,50168500.0,2023-11-11 01:47:57.705351,0.0
1.5347999999999997,224.6889350116253,50168500.0,2023-11-11 01:47:58.724924,0.0
1.4902999999999997,235.93046107143164,50168500.0,2023-11-11 01:47:59.757234,0.0
1.5364999999999998,279.7527352049947,50168500.0,2023-11-11 01:48:00.793360,0.0
1.7202999999999997,736.7472668811679,50171500.0,2023-11-11 01:48:01.809720,5.979847912534758e-05
1.6366999999999998,491.8989247530699,50172000.0,2023-11-11 01:48:02.817767,6.976489231290551e-05
1.5461999999999998,1828.6282093822956,50168500.0,2023-11-11 01:48:03.824394,0.0
1.5563999999999998,487.01511316001415,50169500.0,2023-11-11 01:48:04.854317,1.993282637511586e-05
1.5514999999999999,501.18663903325796,50169000.0,2023-11-11 01:48:05.868409,-4.982908623421664e-05
1.4327999999999999,650.822539575398,50169000.0,2023-11-11 01:48:06.904844,-5.9794307581918205e-05
1.3768999999999998,536.8324275314808,50168500.0,2023-11-11 01:48:07.925017,0.0
1.3251999999999997,1048.6623197495937,50169000.0,2023-11-11 01:48:08.947058,-9.966214532734031e-06
1.3406999999999998,579.377253383398,50168500.0,2023-11-11 01:48:09.963362,-9.966313859156052e-06
0.9821999999999999,510.85533595085144,50168500.0,2023-11-11 01:48:10.970157,-9.966313859156052e-06
0.9889999999999998,559.8053217753768,50169000.0,2023-11-11 01:48:11.989418,9.96641318755793e-06
0.8822000000000001,655.71946952492,50169000.0,2023-11-11 01:48:13.017095,0.0
0.9657,721.8210101798177,50168500.0,2023-11-11 01:48:14.079109,0.0
0.7965,693.8899376243353,50168500.0,2023-11-11 01:48:15.103359,0.0
0.7866,692.0833383053541,50168500.0,2023-11-11 01:48:16.130155,-9.966313859156052e-06
0.6838,755.4920977801085,50169000.0,2023-11-11 01:48:17.152482,0.0
2.1923,657.1666139960289,50170500.0,2023-11-11 01:48:18.183399,3.986565275023172e-05
2.1052999999999997,1059.683978177607,50171000.0,2023-11-11 01:48:19.207785,4.983206593778965e-05
2.1037,929.2713598236442,50170500.0,2023-11-11 01:48:20.232833,3.986565275023172e-05
1.9656999999999998,532.6349708586931,50172000.0,2023-11-11 01:48:21.267634,5.979788315493632e-05
2.0272,934.95210942626,50172500.0,2023-11-11 01:48:22.286024,3.9864063543317285e-05
1.9139999999999997,102.7592865973711,50171000.0,2023-11-11 01:48:23.312551,0.0
1.9605999999999997,323.93861788511276,50171000.0,2023-11-11 01:48:24.335966,9.966015885829321e-06
1.8778999999999997,351.6790087670088,50170500.0,2023-11-11 01:48:25.365032,-2.9897153790959102e-05
1.6461999999999999,499.77114544063807,50169000.0,2023-11-11 01:48:26.390920,-6.975933031042901e-05
1.5942999999999996,462.5454050078988,50169000.0,2023-11-11 01:48:27.412474,-3.986366626138606e-05
1.5942999999999996,462.5454050078988,50169000.0,2023-11-11 01:48:28.433088,-3.986366626138606e-05
1.5795,1571.4098209291697,50168500.0,2023-11-11 01:48:29.458129,-3.9864063543317285e-05
1.6724999999999999,1580.6661871522665,50168500.0,2023-11-11 01:48:30.475603,-9.966313859156052e-06
1.6851999999999998,818.2873461470008,50168500.0,2023-11-11 01:48:31.506210,-9.966313859156052e-06
1.6310999999999998,1052.8091327622533,50168500.0,2023-11-11 01:48:32.521534,-9.966313859156052e-06
1.5518999999999998,1045.369000211358,50168500.0,2023-11-11 01:48:33.554897,0.0
1.6391999999999998,1078.964898623526,50168500.0,2023-11-11 01:48:34.651460,0.0
1.6562999999999999,1292.4517944157124,50168500.0,2023-11-11 01:48:35.688243,0.0
1.4463,1273.2135093212128,50168500.0,2023-11-11 01:48:36.701409,0.0
1.4242999999999997,971.1346364095807,50168500.0,2023-11-11 01:48:37.710743,0.0
1.5631,-144.489396892488,50174500.0,2023-11-11 01:48:38.727489,0.00011959695825069515
0.35600000000000004,337.40096781402826,50176500.0,2023-11-11 01:48:39.744758,0.00015946261100092688
0.25780000000000003,343.82950583845377,50177000.0,2023-11-11 01:48:40.762139,0.0001694290241884848
0.06369999999999998,-118.81351113319397,50177500.0,2023-11-11 01:48:41.775472,0.00017939543737604274
0.023999999999999994,-217.13026916980743,50177500.0,2023-11-11 01:48:42.788660,5.979132826435739e-05
2.6699,-504.3810667693615,50180500.0,2023-11-11 01:48:43.788936,7.971859336542007e-05
2.5561000000000003,3414.0901814326644,50179500.0,2023-11-11 01:48:44.803266,4.982362436973115e-05
0.1283,86.36288951337337,50182500.0,2023-11-11 01:48:45.819371,9.964625579193862e-05
0.11570000000000001,298.7335123643279,50181000.0,2023-11-11 01:48:46.832459,6.975237905435703e-05
0.2519,113.07489159703255,50179500.0,2023-11-11 01:48:47.844728,-1.9928059704466875e-05
0.13139999999999996,-482.7551661878824,50179000.0,2023-11-11 01:48:48.858147,-9.9642284199723e-06
0.04439999999999998,-1535.536014214158,50179000.0,2023-11-11 01:48:49.870365,-6.97454291834803e-05
0.05119999999999998,-1493.043334454298,50178500.0,2023-11-11 01:48:50.887335,-4.9819652856658896e-05
0.14049999999999996,-1519.1617367118597,50178000.0,2023-11-11 01:48:51.913011,-2.98926852599169e-05
0.13609999999999994,-1531.2724762037396,50178000.0,2023-11-11 01:48:52.934126,-1.9928655413619244e-05
-0.027699999999999975,410.4721470326185,50174000.0,2023-11-11 01:48:53.974390,-9.964327706809622e-05
-0.02020000000000001,-89.16564616560936,50174000.0,2023-11-11 01:48:55.001821,-8.967984296063054e-05
0.11230000000000002,559.8102074339986,50174000.0,2023-11-11 01:48:56.014816,-7.971621029136275e-05
0.1879,581.6715408265591,50173500.0,2023-11-11 01:48:57.035188,-8.96807365777831e-05
0.09160000000000001,1837.6810009554029,50170500.0,2023-11-11 01:48:58.064936,-6.975724478813729e-05
0.08640000000000002,232.11897848546505,50172500.0,2023-11-11 01:48:59.086971,-2.9895962052058834e-05
-0.04490000000000001,-1633.5665654167533,50177500.0,2023-11-11 01:49:00.120952,6.975724478813729e-05
1.1131,-304.99411611258984,50179500.0,2023-11-11 01:49:01.144235,0.00011958503991150707
1.1126999999999998,-129.14820310473442,50179000.0,2023-11-11 01:49:02.171907,0.00016942227005909848
1.0064000000000002,1461.909092836082,50175500.0,2023-11-11 01:49:03.201488,5.979371169465345e-05
0.9079999999999999,129.87220979481936,50175500.0,2023-11-11 01:49:04.216695,-3.9858502316775445e-05
0.9866999999999999,206.33404575288296,50175500.0,2023-11-11 01:49:05.228829,-7.97138273597784e-05
0.9633,313.6500586718321,50175500.0,2023-11-11 01:49:06.258229,-6.975029394766736e-05
0.9403,280.49579737335443,50175500.0,2023-11-11 01:49:07.282162,0.0
0.9256,215.10821536928415,50175500.0,2023-11-11 01:49:08.293394,0.0
0.5687,-215.90717440843582,50175500.0,2023-11-11 01:49:09.320327,0.0
0.5215000000000001,-229.76312736421824,50175500.0,2023-11-11 01:49:10.348719,0.0
0.5232000000000001,-206.2602819427848,50175500.0,2023-11-11 01:49:11.377368,0.0
0.5061000000000002,-215.8086917772889,50175500.0,2023-11-11 01:49:12.383787,0.0
0.2979000000000001,50.036309488117695,50175500.0,2023-11-11 01:49:13.404742,0.0
0.4432,325.52708925306797,50175500.0,2023-11-11 01:49:14.425546,0.0
0.428,299.68799410015345,50175500.0,2023-11-11 01:49:15.452381,0.0
0.32289999999999996,282.6158335134387,50175500.0,2023-11-11 01:49:16.466005,0.0
0.3231,323.7731145620346,50175500.0,2023-11-11 01:49:17.511117,0.0
0.1875,108.27128230780363,50175500.0,2023-11-11 01:49:18.524938,0.0
0.1845,60.27707638591528,50175500.0,2023-11-11 01:49:19.548017,0.0
0.12329999999999999,57.51021771878004,50175500.0,2023-11-11 01:49:20.575292,0.0
-0.2899,-1097.1426495611668,50173500.0,2023-11-11 01:49:21.577388,-3.986009108030812e-05
-0.08149999999999998,-172.56981641799212,50172000.0,2023-11-11 01:49:22.603562,-6.97551593905392e-05
0.1588,456.0578397884965,50171500.0,2023-11-11 01:49:23.628741,-7.972018216061624e-05
-0.03259999999999999,506.27066534757614,50167500.0,2023-11-11 01:49:24.643252,-0.00015944036432123248
-0.03939999999999999,141.43771421164274,50167500.0,2023-11-11 01:49:25.658944,-0.00011958503991150707
-0.0703,-422.5779360085726,50166500.0,2023-11-11 01:49:26.688916,-0.0001096228972335167
-0.07470000000000002,-349.94071482867,50166500.0,2023-11-11 01:49:27.720981,-9.965817246843328e-05
-0.017900000000000003,-328.42829056829214,50165000.0,2023-11-11 01:49:28.737692,-4.983305925150745e-05
-0.019,-334.0753182992339,50165000.0,2023-11-11 01:49:29.756334,-4.983305925150745e-05
-0.017699999999999997,-288.44012819975615,50164500.0,2023-11-11 01:49:30.777963,-3.9867242083860746e-05
-0.0202,-345.2583377659321,50164500.0,2023-11-11 01:49:31.801803,-3.9867242083860746e-05
0.12270000000000002,-18.866214714944363,50163500.0,2023-11-11 01:49:32.833765,-2.990132562543606e-05
-0.010099999999999994,-90.51427063345909,50163500.0,2023-11-11 01:49:33.861256,-2.990132562543606e-05
0.12960000000000002,73.01206521689892,50163000.0,2023-11-11 01:49:34.904616,-2.990162365816464e-05
0.036,-98.93075251579285,50163000.0,2023-11-11 01:49:35.924157,-2.990162365816464e-05
-0.016999999999999998,-195.8837227895856,50162500.0,2023-11-11 01:49:36.941386,-1.993481316096365e-05
-0.009500000000000001,-429.85549295693636,50163500.0,2023-11-11 01:49:37.956379,0.0
-0.013000000000000005,-39.46332646161318,50162000.0,2023-11-11 01:49:38.985868,-1.9935011861332058e-05
-0.005500000000000005,41.84406663477421,50162000.0,2023-11-11 01:49:40.007775,-1.9935011861332058e-05
-0.017400000000000002,-116.33010126650333,50162000.0,2023-11-11 01:49:41.031299,-9.967605282830799e-06
-0.012,11.796711340546608,50161500.0,2023-11-11 01:49:42.048359,-3.98696263219273e-05
-0.012399999999999998,-39.280460856854916,50161500.0,2023-11-11 01:49:43.066946,-9.967704636976197e-06
-0.004500000000000004,-75.63564718514681,50165000.0,2023-11-11 01:49:44.090765,5.980622782185718e-05
-0.012999999999999998,-407.94578648358583,50168000.0,2023-11-11 01:49:45.140545,0.00011961245564371436
0.12569999999999998,-142.09936164319515,50167500.0,2023-11-11 01:49:46.155496,0.00011961364791722735
0.21059999999999998,694.4550750851631,50170000.0,2023-11-11 01:49:47.177973,0.00016945266788273875
0.1908,571.4695623219013,50170000.0,2023-11-11 01:49:48.181190,9.96710854181202e-05
0.13899999999999998,93.52555337548256,50168500.0,2023-11-11 01:49:49.199418,9.966512517939722e-06
0.17870000000000003,-510.34322457015514,50168000.0,2023-11-11 01:49:50.214827,9.96661185030149e-06
0.1311,-120.70569009333849,50167000.0,2023-11-11 01:49:51.223607,-5.979669124975085e-05
0.17800000000000002,202.74749674648046,50166500.0,2023-11-11 01:49:52.244427,-6.976280645804265e-05
0.1845,120.60754980146885,50166500.0,2023-11-11 01:49:53.266203,-3.986565275023172e-05
0.157,-8.416716121137142,50166500.0,2023-11-11 01:49:54.283948,-2.989953755381917e-05
0.1556,-146.7857370004058,50166000.0,2023-11-11 01:49:55.316405,-1.9933422369286583e-05
0.2432,668.4098641574383,50164000.0,2023-11-11 01:49:56.343999,-4.983405260482593e-05
0.15089999999999998,268.8440088927746,50167000.0,2023-11-11 01:49:57.370937,9.966810520965186e-06
2.832,586.5981032699347,50172500.0,2023-11-11 01:49:58.392638,0.00011960172625158224
0.4493,99.4669871404767,50173000.0,2023-11-11 01:49:59.415031,0.00013953673802974127
0.36599999999999994,253.25944738835096,50175500.0,2023-11-11 01:50:00.431760,0.00022924806634239695
0.2804,467.3531796783209,50176000.0,2023-11-11 01:50:01.467621,0.00017940080132357924
0.2322,677.7326320186257,50175000.0,2023-11-11 01:50:02.488199,4.982809307887787e-05
0.2557,443.1915822327137,50174500.0,2023-11-11 01:50:03.502079,2.989655790963267e-05
0.34340000000000004,57.37807063758373,50177500.0,2023-11-11 01:50:04.516715,3.986009108030812e-05
0.33209999999999995,294.882399097085,50177500.0,2023-11-11 01:50:05.542610,2.9894770408163265e-05
0.18739999999999996,-1358.471014097333,50178500.0,2023-11-11 01:50:06.574610,6.975585450921774e-05
0.023799999999999988,796.8745426461101,50173000.0,2023-11-11 01:50:07.593905,-2.9895664132178696e-05
-0.07310000000000001,-1560.6583569422364,50170500.0,2023-11-11 01:50:08.615443,-0.00013950475810871405
-0.0524,-2675.464357472956,50170500.0,2023-11-11 01:50:09.637707,-0.00013950475810871405
0.1186,467.4829429388046,50165500.0,2023-11-11 01:50:10.690039,-0.000259075101886266
-0.014300000000000007,-96.45571959763765,50165500.0,2023-11-11 01:50:11.713501,-0.00014948278954816336
-0.011999999999999997,-96.65141133964062,50164500.0,2023-11-11 01:50:12.734987,-0.00011959219062995186
0.032,946.7766644209623,50163000.0,2023-11-11 01:50:13.774812,-0.00014949023828743984
0.055200000000000006,1572.2936840131879,50162500.0,2023-11-11 01:50:14.793440,-5.980205519729695e-05
-0.08730000000000002,123.31973847746849,50164500.0,2023-11-11 01:50:15.811115,-1.9934018399098982e-05
-0.08730000000000002,165.71819780021906,50164500.0,2023-11-11 01:50:16.828082,0.0
-0.0673,-237.93532038480043,50162000.0,2023-11-11 01:50:17.854981,-1.9935011861332058e-05
-0.0717,-609.5036355480552,50161500.0,2023-11-11 01:50:18.857036,-1.9935210565661598e-05
0.2138,1287.1570598185062,50159000.0,2023-11-11 01:50:19.883028,-0.00010963928674660367
0.35889999999999994,-643.0876360684633,50165500.0,2023-11-11 01:50:20.901119,1.993441577210976e-05
0.18789999999999998,1065.965109936893,50167500.0,2023-11-11 01:50:21.924594,0.00010964475100673817
0.22440000000000002,32.67603178322315,50171000.0,2023-11-11 01:50:22.940836,0.0001893882758689433
2.6774999999999998,3307.9221535772085,50170000.0,2023-11-11 01:50:23.967711,0.000219302617675791
0.11130000000000001,338.4525521621108,50178000.0,2023-11-11 01:50:24.987303,0.0002491752299887373
0.2748,-24.95333767682314,50182500.0,2023-11-11 01:50:26.017706,0.0002989983555090447
0.22099999999999997,187.31751760095358,50182500.0,2023-11-11 01:50:27.035541,0.00022921608100296984
0.13690000000000002,-673.901053994894,50181500.0,2023-11-11 01:50:28.056710,0.00022922064979071158
0.1368,-634.5820388048887,50181500.0,2023-11-11 01:50:29.060083,6.975168400494241e-05
0.0601,455.14319217950106,50178000.0,2023-11-11 01:50:30.083907,-8.967269466447467e-05
0.2072,510.87444449961185,50176000.0,2023-11-11 01:50:31.102443,-0.00012952722562646342
2.4911,689.8567834794521,50175000.0,2023-11-11 01:50:32.120266,-0.00012952980680131125
0.03989999999999996,1152.2978357821703,50177000.0,2023-11-11 01:50:33.135390,-8.967448163167701e-05
2.4124,912.3484016656876,50182500.0,2023-11-11 01:50:34.161273,8.96807365777831e-05
2.4936,-215.61751743406057,50184500.0,2023-11-11 01:50:35.176794,0.00016940369897959184
-0.2026,-493.53588143736124,50184000.0,2023-11-11 01:50:36.213094,0.00017937219730941703
2.7412000000000005,846.1052233949304,50187500.0,2023-11-11 01:50:37.234602,0.00020925922235287084
4.580400000000001,789.615400776267,50188500.0,2023-11-11 01:50:38.280570,0.00011956359288596623
-0.8222,-1900.11047372967,50189000.0,2023-11-11 01:50:39.307733,8.966912094371769e-05
0.08109999999999999,747.0807941779494,50182000.0,2023-11-11 01:50:40.356920,-3.9853339709867684e-05
2.5604999999999998,-845.2002908810973,50189000.0,2023-11-11 01:50:41.374201,2.9887920298879204e-05
-0.030400000000000007,-235.01150733977556,50191000.0,2023-11-11 01:50:42.404354,4.981220797593074e-05
2.3247999999999998,839.7250847294927,50192500.0,2023-11-11 01:50:43.432978,6.973639642152662e-05
-0.0052,-70.20883782207966,50193000.0,2023-11-11 01:50:44.466070,0.00021920210434020167
-0.029099999999999997,-371.89836701750755,50192000.0,2023-11-11 01:50:45.468460,5.977405407559426e-05
-0.0855,-501.1692226305604,50190000.0,2023-11-11 01:50:46.481791,-1.9923890737383197e-05
0.07100000000000001,-718.1484892219305,50189500.0,2023-11-11 01:50:47.503418,-5.9769885939134334e-05
-0.07529999999999999,222.3850680142641,50183000.0,2023-11-11 01:50:48.525976,-0.0001992309684617377
2.3857999999999997,-44.827945843338966,50181000.0,2023-11-11 01:50:49.540267,-0.00021915843162256934
2.5026999999999995,394.3771051391959,50180000.0,2023-11-11 01:50:50.570751,-0.00019924287706714485
2.3319999999999994,1230.6492123380303,50177000.0,2023-11-11 01:50:51.593553,-0.0002490560774664023
0.30729999999999996,-342.67784029245377,50179500.0,2023-11-11 01:50:52.609741,-6.974473427256242e-05
-0.028599999999999987,-395.8088164553046,50179500.0,2023-11-11 01:50:53.624563,-2.9891791713995336e-05
-0.09100000000000001,-690.554001301527,50177000.0,2023-11-11 01:50:54.697677,-5.9784774810681545e-05
-0.09140000000000001,-1043.4733963310719,50177000.0,2023-11-11 01:50:55.729878,0.0
-0.05859999999999996,-168.05494140088558,50179000.0,2023-11-11 01:50:56.749050,-9.9642284199723e-06
-0.020699999999999996,-134.0529560521245,50179000.0,2023-11-11 01:50:57.765722,-9.9642284199723e-06
0.13670000000000002,-17.57436014711857,50179000.0,2023-11-11 01:50:58.780140,3.985889949578492e-05
-0.028799999999999992,4.769228704273701,50179000.0,2023-11-11 01:50:59.799628,3.985889949578492e-05
-0.0032999999999999835,76.1177915930748,50179000.0,2023-11-11 01:51:00.813477,0.0
-0.04189999999999999,-20.960532523691654,50179000.0,2023-11-11 01:51:01.843845,0.0
0.02730000000000002,63.33410058170557,50178500.0,2023-11-11 01:51:02.856943,-9.964327706809622e-06
2.4958,968.1421181187034,50180500.0,2023-11-11 01:51:03.858594,2.9892983120428864e-05
0.1393,422.46405194699764,50181000.0,2023-11-11 01:51:04.877528,3.985731082723849e-05
0.04760000000000001,257.17844893038273,50182000.0,2023-11-11 01:51:05.899979,5.978596624085773e-05
0.12010000000000001,242.5675517320633,50180500.0,2023-11-11 01:51:06.924774,3.9857707982502466e-05
0.05049999999999999,-166.6615616083145,50179500.0,2023-11-11 01:51:07.939799,-1.9928059704466875e-05
-0.01079999999999999,-872.2216764613986,50181000.0,2023-11-11 01:51:08.970661,0.0
-0.015899999999999997,-885.007684789598,50181000.0,2023-11-11 01:51:09.984476,-1.9927464030927423e-05
-0.10139999999999999,-649.6273495331407,50177500.0,2023-11-11 01:51:10.997690,-5.978417911340062e-05
-0.1293,-847.9658248052001,50177500.0,2023-11-11 01:51:12.014357,-3.98569136798892e-05
-0.012299999999999998,-347.76590866595507,50175500.0,2023-11-11 01:51:13.053689,-0.00010960323628464956
0.32630000000000003,74.43248410522938,50184000.0,2023-11-11 01:51:14.093809,5.978358342799067e-05
0.05050000000000002,-1057.8887016102672,50187500.0,2023-11-11 01:51:15.116293,0.00019929251158387723
0.07989999999999998,-113.03776375949383,50184000.0,2023-11-11 01:51:16.116600,0.0001295401325295202
0.083,-202.35265082120895,50184000.0,2023-11-11 01:51:17.147834,0.0001694053870913095
0.243,480.5151417925954,50182000.0,2023-11-11 01:51:18.180147,-3.9853339709867684e-05
0.2399,537.976346641779,50182000.0,2023-11-11 01:51:19.207821,-0.00010958904109589041
0.24100000000000002,697.6999408751726,50181000.0,2023-11-11 01:51:20.229746,-5.9780009564801534e-05
0.10849999999999999,-198.49609323590994,50181500.0,2023-11-11 01:51:21.247657,-4.981667463733461e-05
0.040699999999999986,10.63854044675827,50180000.0,2023-11-11 01:51:22.288268,-3.9854928061854845e-05
0.7767,46.56699950248003,50180000.0,2023-11-11 01:51:23.318577,-3.9854928061854845e-05
-0.12619999999999998,354.0675371289253,50177500.0,2023-11-11 01:51:24.366933,-6.974751399932246e-05
-0.06059999999999999,243.44195064902306,50172500.0,2023-11-11 01:51:25.390128,-0.00017934896326335403
-0.03420000000000001,917.0066413879395,50168500.0,2023-11-11 01:51:26.424557,-0.0002291749701076126
-0.012400000000000001,-125.95538377016783,50168500.0,2023-11-11 01:51:27.444542,-0.0002291749701076126
0.03810000000000001,-1442.9229927361012,50172500.0,2023-11-11 01:51:28.467385,-9.964625579193862e-05
0.9605000000000001,1260.9325830340385,50170000.0,2023-11-11 01:51:29.469252,-4.982809307887787e-05
3.2481,2169.3427379205823,50170000.0,2023-11-11 01:51:30.491062,2.989923956267379e-05
3.4200999999999997,3015.2708208858967,50169500.0,2023-11-11 01:51:31.520281,1.993282637511586e-05
2.411,873.9262946844101,50171000.0,2023-11-11 01:51:32.532848,-2.9896855847326724e-05
3.2292,869.8974518403411,50171000.0,2023-11-11 01:51:33.546815,1.9932230416583615e-05
2.4856000000000003,632.8382860049605,50175000.0,2023-11-11 01:51:34.576027,9.966115208291808e-05
0.013699999999999997,266.389653660357,50174500.0,2023-11-11 01:51:35.608942,9.966214532734031e-05
0.9358000000000001,807.7667315006256,50174000.0,2023-11-11 01:51:36.636215,5.979549939207909e-05
3.3419999999999996,988.9413229972124,50173000.0,2023-11-11 01:51:37.662110,3.986366626138606e-05
3.3269999999999995,1002.6822599172592,50173000.0,2023-11-11 01:51:38.685165,-3.986048829098156e-05
0.8314,1082.8375726044178,50171500.0,2023-11-11 01:51:39.722966,-5.979132826435739e-05
0.8406,713.2174798622727,50172000.0,2023-11-11 01:51:40.743278,-3.986128273607845e-05
0.8995,1488.577100865543,50170500.0,2023-11-11 01:51:41.760631,-4.982759651605445e-05
0.9555000000000001,1123.7760392427444,50168000.0,2023-11-11 01:51:42.773247,-9.96551930321089e-05
3.2950000000000004,1567.0932779684663,50171500.0,2023-11-11 01:51:43.811301,0.0
0.1787,690.8815252259374,50171500.0,2023-11-11 01:51:44.827711,-9.9657179303197e-06
2.4109,1655.4292581751943,50176000.0,2023-11-11 01:51:45.857781,0.00010962617474412254
2.4573000000000005,2058.4627491533756,50174000.0,2023-11-11 01:51:46.896736,0.00011959815021527668
2.6384,961.0360245257616,50173000.0,2023-11-11 01:51:47.916486,2.989745174052998e-05
2.4616000000000002,563.3235051259398,50174500.0,2023-11-11 01:51:48.942662,5.979490348105996e-05
0.33899999999999997,1588.013990856707,50179000.0,2023-11-11 01:51:49.965605,5.978954081632653e-05
0.3691,2015.259851820767,50179000.0,2023-11-11 01:51:50.984420,9.965320684019612e-05
2.5968999999999998,89.59169775992632,50181500.0,2023-11-11 01:51:51.999493,0.00016941382815458512
0.08890000000000002,167.33908340334892,50181500.0,2023-11-11 01:51:53.026675,0.00013951309928350057
0.08470000000000001,162.96954437345266,50181500.0,2023-11-11 01:51:54.044748,4.982163853404811e-05
0.08470000000000001,162.96954437345266,50181500.0,2023-11-11 01:51:55.076779,4.982163853404811e-05
0.004600000000000007,97.37311328202486,50181500.0,2023-11-11 01:51:56.099215,0.0
0.034499999999999996,167.00285714119673,50181500.0,2023-11-11 01:51:57.128043,0.0
0.034499999999999996,167.00285714119673,50181500.0,2023-11-11 01:51:58.146762,0.0
0.030999999999999993,160.49205666780472,50181500.0,2023-11-11 01:51:59.163303,0.0
0.028099999999999993,154.8531546741724,50181500.0,2023-11-11 01:52:00.188088,0.0
0.028099999999999993,154.8531546741724,50181500.0,2023-11-11 01:52:01.372814,0.0
0.0845,217.84093134850264,50184000.0,2023-11-11 01:52:02.391904,4.981915646204278e-05
0.006399999999999998,245.04334281384945,50187500.0,2023-11-11 01:52:03.422638,0.00011956597550890269
0.0562,273.2722295895219,50187500.0,2023-11-11 01:52:04.448113,0.00011956597550890269
-0.8198999999999999,-606.77286606282,50187000.0,2023-11-11 01:52:05.462451,0.00010960214421649413
-0.846,-554.4138275310397,50188000.0,2023-11-11 01:52:06.482996,7.970667941973537e-05
-2.4278999999999997,-986.7847343534231,50183500.0,2023-11-11 01:52:07.494657,-7.97011207970112e-05
-0.2001,135.24196047335863,50180500.0,2023-11-11 01:52:08.573606,-0.00013947696139476963
-0.21480000000000002,-291.13817166537046,50180500.0,2023-11-11 01:52:09.595412,-0.000129515611612569
-0.15660000000000002,-211.29888454079628,50180500.0,2023-11-11 01:52:10.620324,-0.00014943811269626205
2.4118000000000004,3300.1155182644725,50174000.0,2023-11-11 01:52:11.683631,-0.00018930524973347814
1.5667,-805.0088233351707,50172500.0,2023-11-11 01:52:12.701806,-0.000159424477635735
1.6033999999999997,41.76417314261198,50173000.0,2023-11-11 01:52:13.722479,-0.00014946044778350157
-0.6028,-577.9856827408075,50175000.0,2023-11-11 01:52:14.741121,-0.00010960432837456782
2.0149,84.79585375636816,50174000.0,2023-11-11 01:52:15.757454,0.0
2.2013000000000003,-479.3821028023958,50174500.0,2023-11-11 01:52:16.771644,3.9862474463102296e-05
2.4371,-288.5436742454767,50174500.0,2023-11-11 01:52:17.794218,2.989655790963267e-05
2.4371,-288.5436742454767,50174500.0,2023-11-11 01:52:18.824336,-9.96512207274539e-06
2.4811,1055.1705522313714,50174000.0,2023-11-11 01:52:19.826676,0.0
2.3988,594.8664903566241,50173000.0,2023-11-11 01:52:20.848579,-2.9895664132178696e-05
2.3988,594.8664903566241,50173000.0,2023-11-11 01:52:21.861691,-2.9895664132178696e-05
2.3986,637.0165414884686,50174000.0,2023-11-11 01:52:22.875549,-9.965221377392899e-06
0.1795,1061.278068833053,50175500.0,2023-11-11 01:52:23.897343,2.9895962052058834e-05
2.4774,824.1591018512845,50178000.0,2023-11-11 01:52:24.920511,9.96551930321089e-05
2.479,992.5589581951499,50178000.0,2023-11-11 01:52:25.941446,9.96551930321089e-05
2.4794,818.9172809571028,50176500.0,2023-11-11 01:52:26.955317,4.982660342009806e-05
2.3982,-43.125744968652725,50177500.0,2023-11-11 01:52:27.969777,3.986009108030812e-05
2.3982,-43.125744968652725,50177500.0,2023-11-11 01:52:28.988197,-9.964526286420344e-06
2.3947000000000003,-188.6637892127037,50177500.0,2023-11-11 01:52:30.011135,-9.964526286420344e-06
2.3928000000000003,-168.35361660271883,50178000.0,2023-11-11 01:52:31.028753,2.9894472512032524e-05
0.0926,-900.3958649411798,50179000.0,2023-11-11 01:52:32.050529,2.9893876737581586e-05
0.1329,-114.65887969732285,50183500.0,2023-11-11 01:52:33.090694,0.00011957550695032634
-0.0065999999999999965,-246.67269154638052,50185000.0,2023-11-11 01:52:34.105362,0.00014946938368790792
0.0025000000000000022,-1.8805276900529861,50185500.0,2023-11-11 01:52:35.128983,0.00014946789429630517
-0.27999999999999997,-1883.0698738917708,50189500.0,2023-11-11 01:52:36.137304,0.00020925088184300204
-0.0842,60.128053329885006,50193500.0,2023-11-11 01:52:37.158032,0.00019926868392997697
-0.0503,-569.905808351934,50193500.0,2023-11-11 01:52:38.177838,0.0001693733187207333
-0.004399999999999999,-493.4239283427596,50193500.0,2023-11-11 01:52:39.196171,0.00015940859411583028
-0.9982999999999996,-869.9277753010392,50192000.0,2023-11-11 01:52:40.210246,4.981121549328047e-05
-1.1254999999999997,-1998.6909486874938,50188000.0,2023-11-11 01:52:41.224730,-0.00010957594110791238
-0.040799999999999996,-174.87219982594252,50186000.0,2023-11-11 01:52:42.244133,-0.00014942173787442598
-0.13240000000000002,-64.03598372638226,50187000.0,2023-11-11 01:52:43.272847,-0.00012949883949116918
-0.1304,-16.829785250127316,50187000.0,2023-11-11 01:52:44.298798,-9.96174689193497e-05
-0.13369999999999999,-477.4324191734195,50185000.0,2023-11-11 01:52:45.318764,-5.977524507850482e-05
-0.0474,-202.40876437723637,50184500.0,2023-11-11 01:52:46.330045,-2.988881361335831e-05
-0.0412,168.88242039084435,50185500.0,2023-11-11 01:52:47.361259,-2.9888218064439e-05
-0.1772,-522.5099800527096,50182500.0,2023-11-11 01:52:48.378558,-8.966465419331699e-05
-0.2235,41.29387576878071,50179500.0,2023-11-11 01:52:49.406966,-0.00010959450034870978
-0.08560000000000001,639.3241771161556,50176000.0,2023-11-11 01:52:50.430572,-0.0001693750062270223
0.08230000000000001,-6.049571752548218,50176000.0,2023-11-11 01:52:51.459228,-0.00018929770551254845
0.0843,47.01025126129389,50176000.0,2023-11-11 01:52:52.484455,-0.00012952722562646342
0.0794,182.0763529986143,50177500.0,2023-11-11 01:52:53.502338,-3.98569136798892e-05
-0.004000000000000002,37.03780173510313,50179000.0,2023-11-11 01:52:54.518738,5.978954081632653e-05
-0.0429,-137.33085898309946,50179000.0,2023-11-11 01:52:55.533320,5.978954081632653e-05
-0.005000000000000003,4.119228184223175,50179000.0,2023-11-11 01:52:56.562713,5.978954081632653e-05
-0.004000000000000002,37.03780173510313,50179000.0,2023-11-11 01:52:57.578523,2.9893876737581586e-05
-0.003199999999999998,-71.55913860350847,50180500.0,2023-11-11 01:52:58.594255,2.9892983120428864e-05
0.0966,199.99601267278194,50180500.0,2023-11-11 01:52:59.615184,2.9892983120428864e-05
0.0944,162.00110898166895,50180500.0,2023-11-11 01:53:00.648683,2.9892983120428864e-05
0.0030999999999999986,66.66227278858423,50180000.0,2023-11-11 01:53:01.664980,1.9928655413619244e-05
0.0030999999999999986,66.66227278858423,50180000.0,2023-11-11 01:53:02.699257,-9.964029852233437e-06
-0.03670000000000001,-109.4772061035037,50180000.0,2023-11-11 01:53:03.726009,-9.964029852233437e-06
-0.16379999999999997,-727.8830349370837,50184000.0,2023-11-11 01:53:04.748025,6.974820896563406e-05
-0.0458,-266.44450118392706,50184000.0,2023-11-11 01:53:05.776282,7.971303308090873e-05
-0.0458,-266.44450118392706,50184000.0,2023-11-11 01:53:06.801812,7.971303308090873e-05
-0.18299999999999994,985.3017242699862,50180500.0,2023-11-11 01:53:07.848039,9.964129135113591e-06
-0.13190000000000002,-27.44512590020895,50180500.0,2023-11-11 01:53:08.869662,-6.974334449226845e-05
-0.14170000000000002,-319.6709290519357,50180500.0,2023-11-11 01:53:09.895457,-6.974334449226845e-05
-0.1404,-316.40519116073847,50180500.0,2023-11-11 01:53:10.913715,-6.974334449226845e-05
-0.060999999999999985,-228.79448737949133,50180500.0,2023-11-11 01:53:11.951728,0.0
-0.06079999999999999,-228.17586647719145,50180500.0,2023-11-11 01:53:12.992709,0.0
-0.0185,-103.44448126852512,50180500.0,2023-11-11 01:53:14.007779,0.0
0.053099999999999994,-274.15909066051245,50183500.0,2023-11-11 01:53:15.033476,5.978417911340062e-05
0.0207,144.86964193731546,50185000.0,2023-11-11 01:53:16.072419,8.967626867010094e-05
-0.07659999999999999,-261.20731769502163,50187000.0,2023-11-11 01:53:17.096811,0.0001295323880790347
0.0015000000000000013,-110.51943219453096,50187000.0,2023-11-11 01:53:18.120743,0.0001295323880790347
2.5961,1312.7831998988986,50186000.0,2023-11-11 01:53:19.143104,4.981717098249424e-05
-0.3867999999999997,-778.11106300354,50192500.0,2023-11-11 01:53:20.166380,0.00014944704593005878
-0.35090000000000005,-265.8025312721729,50193000.0,2023-11-11 01:53:21.184511,0.000119552872257756
-0.6194000000000001,-877.4488338902593,50193000.0,2023-11-11 01:53:22.206502,0.000119552872257756
-0.616,-876.5113294869661,50193000.0,2023-11-11 01:53:23.239191,0.0001394811301956721
-0.6089,-676.0518073067069,50193000.0,2023-11-11 01:53:24.254559,9.96164765652239e-06
-0.6196,-878.9583838954568,50193000.0,2023-11-11 01:53:25.265661,0.0
-0.6196,-878.9583838954568,50193000.0,2023-11-11 01:53:26.288834,0.0
-0.8642000000000001,-566.901066660881,50188500.0,2023-11-11 01:53:27.293014,-8.965393580778196e-05
-0.9055,-276.54745454341173,50189000.0,2023-11-11 01:53:28.315480,-7.969238738469508e-05
-0.9055,-276.54745454341173,50189000.0,2023-11-11 01:53:29.335447,-7.969238738469508e-05
-0.9122,-360.4482784420252,50189000.0,2023-11-11 01:53:30.367438,-7.969238738469508e-05
-0.9122,-360.4482784420252,50189000.0,2023-11-11 01:53:31.400947,9.962441595186149e-06
-0.9098,-278.4126312658191,50189000.0,2023-11-11 01:53:32.426410,0.0
-0.9098,-278.4126312658191,50189000.0,2023-11-11 01:53:33.451337,0.0
1.4787,-477.80979484319687,50193500.0,2023-11-11 01:53:34.469664,8.966108111339137e-05
-0.006999999999999999,1051.326620221138,50192500.0,2023-11-11 01:53:35.484394,6.973639642152662e-05
0.007599999999999996,34.15588569641113,50195000.0,2023-11-11 01:53:36.504447,0.00011954810815118851
-0.006000000000000005,343.7100386470556,50193500.0,2023-11-11 01:53:37.517415,8.966108111339137e-05
0.018599999999999995,35.97809674590826,50193500.0,2023-11-11 01:53:38.545309,0.0
0.027099999999999996,321.3408692032099,50193500.0,2023-11-11 01:53:39.556614,1.992329531304478e-05
0.007099999999999999,181.09684005379677,50193500.0,2023-11-11 01:53:40.581851,-2.988345452734336e-05
0.016600000000000004,439.51149370521307,50194500.0,2023-11-11 01:53:41.608115,1.9922898383256798e-05
0.009600000000000001,370.8539759069681,50195000.0,2023-11-11 01:53:42.648544,2.9884347574885195e-05
-0.0010999999999999968,-704.6377805098891,50197500.0,2023-11-11 01:53:43.651642,7.969159353302719e-05
-0.0005999999999999998,224.04914064705372,50196000.0,2023-11-11 01:53:44.678964,4.980724595814199e-05
-0.044500000000000005,-181.34670148044825,50196000.0,2023-11-11 01:53:45.701067,2.9883752203926725e-05
-0.146,-487.87003941833973,50196500.0,2023-11-11 01:53:46.719737,2.988345452734336e-05
-0.23149999999999998,-756.8469830229878,50196000.0,2023-11-11 01:53:47.777022,-2.9881966233378156e-05
-0.3183,-1008.5339153409004,50194500.0,2023-11-11 01:53:48.792651,-2.9882859191967487e-05
-0.21649999999999997,-297.6852836981416,50193000.0,2023-11-11 01:53:49.806119,-5.9765718383934975e-05
-0.2165,-299.0957578346133,50193000.0,2023-11-11 01:53:50.828334,-6.972597691074079e-05
-0.2165,-299.0957578346133,50193000.0,2023-11-11 01:53:51.844198,-5.9765718383934975e-05
-0.1941,198.0372385531664,50186500.0,2023-11-11 01:53:52.870462,-0.00015938001175427587
-0.3416,-92.12311596423388,50183500.0,2023-11-11 01:53:53.889378,-0.0001892694200386508
-0.42960000000000004,-367.35573790222406,50180500.0,2023-11-11 01:53:54.915320,-0.0002490387105771721
-0.41170000000000007,-421.8815530911088,50180500.0,2023-11-11 01:53:55.930842,-0.0002490387105771721
-0.34199999999999997,-410.2258877903223,50180500.0,2023-11-11 01:53:56.948764,-0.0001195540633437279
-0.3298,-520.4131310284138,50181000.0,2023-11-11 01:53:57.975218,-4.981717098249424e-05
-0.3298,-520.4131310284138,50181000.0,2023-11-11 01:53:58.992993,9.964029852233437e-06
-0.2322,386.33130341768265,50178500.0,2023-11-11 01:54:00.003801,-3.985611940893375e-05
-0.22089999999999999,865.7706034258008,50177500.0,2023-11-11 01:54:01.015920,-5.978417911340062e-05
0.016199999999999996,337.9545322358608,50177500.0,2023-11-11 01:54:02.034472,-6.974751399932246e-05
-0.023400000000000004,151.39581655710936,50178000.0,2023-11-11 01:54:03.049287,-5.978358342799067e-05
-0.2501,-329.3840836137533,50180000.0,2023-11-11 01:54:04.064189,2.989328098687685e-05
-0.3181,-170.55734995752573,50174500.0,2023-11-11 01:54:05.083123,-5.978775347516317e-05
-0.14539999999999997,947.5372234880924,50166500.0,2023-11-11 01:54:06.096932,-0.00021922176274226496
-0.015200000000000005,144.45902711898088,50166500.0,2023-11-11 01:54:07.114827,-0.0002291841045876679
2.4978000000000002,-868.4572099968791,50160500.0,2023-11-11 01:54:08.136452,-0.00038860103626943003
0.012899999999999995,-860.3177900016308,50159500.0,2023-11-11 01:54:09.150524,-0.000298956641321787
0.008899999999999995,126.78309720009565,50159500.0,2023-11-11 01:54:10.176773,-0.0001395353472935126
0.0097,293.35610208660364,50161000.0,2023-11-11 01:54:11.190453,-0.00010963491573061704
0.004800000000000006,-21.620821706950665,50163000.0,2023-11-11 01:54:12.224388,4.9840013556483685e-05
0.004800000000000006,-21.620821706950665,50163000.0,2023-11-11 01:54:13.246106,6.977741006190253e-05
-0.03119999999999999,-108.55241375416517,50163000.0,2023-11-11 01:54:14.263891,6.977741006190253e-05
0.015000000000000003,253.916184425354,50163000.0,2023-11-11 01:54:15.292909,3.9871613404836424e-05
0.0294,142.96915488690138,50162000.0,2023-11-11 01:54:16.314318,-1.9935011861332058e-05
0.011300000000000004,45.16311001032591,50162000.0,2023-11-11 01:54:17.338508,-1.9935011861332058e-05
0.010900000000000003,33.47008350491524,50162000.0,2023-11-11 01:54:18.354452,-1.9935011861332058e-05
0.007500000000000003,-85.85576941817999,50162000.0,2023-11-11 01:54:19.363269,-1.9935011861332058e-05
0.028300000000000002,194.53005316108465,50162500.0,2023-11-11 01:54:20.388702,9.967704636976197e-06
0.008900000000000005,-49.552001282572746,50162000.0,2023-11-11 01:54:21.410738,0.0
0.061,236.58039060235023,50162000.0,2023-11-11 01:54:22.433263,0.0
0.05399999999999999,216.65462590008974,50162000.0,2023-11-11 01:54:23.451921,0.0
0.0542,67.48462973535061,50161500.0,2023-11-11 01:54:24.453046,-1.9935210565661598e-05
2.4137,435.8987538591027,50156500.0,2023-11-11 01:54:25.482058,-0.00010964475100673817
0.007599999999999999,-576.1322570443153,50152500.0,2023-11-11 01:54:26.506670,-0.00018938638810254776
0.017899999999999996,-403.77334732562304,50152500.0,2023-11-11 01:54:27.522720,-0.00018938638810254776
2.4665,-570.725787229836,50152500.0,2023-11-11 01:54:28.543624,-0.00017942047187584104
2.4673,-430.297169059515,50152500.0,2023-11-11 01:54:29.569104,-7.975038130651062e-05
2.3111000000000006,1600.474613726139,50149000.0,2023-11-11 01:54:30.582538,-6.978714919495538e-05
0.053099999999999994,1423.363610200584,50147000.0,2023-11-11 01:54:31.617476,-0.00010966552016350132
0.06390000000000001,886.7890722379088,50148000.0,2023-11-11 01:54:32.638081,-8.972633467922836e-05
0.063,1025.2099353596568,50147500.0,2023-11-11 01:54:33.666884,-9.969592742136484e-05
0.0815,923.626092672348,50147000.0,2023-11-11 01:54:34.687095,-3.9881154160601405e-05
0.0815,923.626092672348,50147000.0,2023-11-11 01:54:35.709564,0.0
0.08460000000000001,880.645912528038,50147500.0,2023-11-11 01:54:36.730391,-9.97048735742203e-06
0.0069,444.03188513219357,50147000.0,2023-11-11 01:54:37.767082,-9.970586769031358e-06
-0.10729999999999999,-124.24892779439688,50150500.0,2023-11-11 01:54:38.787788,6.979480327836162e-05
-0.10510000000000003,-161.1507932022214,50150500.0,2023-11-11 01:54:39.806909,6.979480327836162e-05
-0.014599999999999995,-764.1976944506168,50152500.0,2023-11-11 01:54:40.852815,9.970586769031357e-05
-0.002100000000000001,-211.88388036191463,50152500.0,2023-11-11 01:54:41.878635,0.00010967754800885397
0.00040000000000000105,-165.68835290521383,50152500.0,2023-11-11 01:54:42.898467,3.987996131643752e-05
0.023499999999999997,-50.47371757030487,50152500.0,2023-11-11 01:54:43.914569,3.987996131643752e-05
0.023499999999999997,-90.29012439399958,50152500.0,2023-11-11 01:54:44.957311,0.0
1.4449,1220.148527868092,50148000.0,2023-11-11 01:54:45.985734,-8.972633467922836e-05
1.5171000000000001,424.32162564247847,50143500.0,2023-11-11 01:54:47.016569,-0.0001794526693584567
1.5278,503.41998571157455,50143500.0,2023-11-11 01:54:48.035791,-0.0001794526693584567
0.06049999999999999,402.8974451497197,50144000.0,2023-11-11 01:54:49.052320,-0.00016948307661632023
0.062,563.3262432664633,50144500.0,2023-11-11 01:54:50.078210,-6.979341150195422e-05
0.021899999999999996,520.1171001568437,50145500.0,2023-11-11 01:54:51.087187,3.988552853310997e-05
0.015899999999999997,497.8472416996956,50147000.0,2023-11-11 01:54:52.123575,6.979967493294246e-05
0.015899999999999997,497.8472416996956,50147000.0,2023-11-11 01:54:53.159707,5.982769623484365e-05
0.015899999999999997,497.8472416996956,50147000.0,2023-11-11 01:54:54.191649,4.9855916401599376e-05
0.015899999999999997,497.8472416996956,50147000.0,2023-11-11 01:54:55.212958,2.991295330587989e-05
-0.0018000000000000238,999.4395446106791,50144500.0,2023-11-11 01:54:56.243815,-4.9853430913115444e-05
-0.0655,-286.0850639715791,50144000.0,2023-11-11 01:54:57.266462,-5.982411709573853e-05
-0.015899999999999997,350.0647469982505,50143000.0,2023-11-11 01:54:58.298005,-7.97654894609847e-05
0.08280000000000001,558.4536590650678,50142500.0,2023-11-11 01:54:59.328428,-8.97361756436078e-05
-1.1501000000000001,-218.51512351632118,50141500.0,2023-11-11 01:55:00.341939,-5.9827099681919255e-05
-1.1235,-214.9798984155059,50141500.0,2023-11-11 01:55:01.358819,-4.985641352903638e-05
-1.0462,-163.98845466971397,50141500.0,2023-11-11 01:55:02.381510,-2.9914444688191772e-05
-1.0465,-163.98113311082125,50141500.0,2023-11-11 01:55:03.388729,-1.994316198833325e-05
-1.0469,-166.2257257476449,50141500.0,2023-11-11 01:55:04.401741,0.0
-1.0437,-165.78612615168095,50141500.0,2023-11-11 01:55:05.418603,0.0
-1.036,-164.72349655628204,50141500.0,2023-11-11 01:55:06.445489,0.0
-0.6651,-130.66631001234055,50141500.0,2023-11-11 01:55:07.470503,0.0
-0.4620000000000001,43.677805446088314,50141500.0,2023-11-11 01:55:08.495180,0.0
-0.49920000000000003,-84.1864550486207,50141500.0,2023-11-11 01:55:09.516810,0.0
-0.4948,-87.45226452499628,50141500.0,2023-11-11 01:55:10.527495,0.0
-0.492,-92.33830270171165,50141500.0,2023-11-11 01:55:11.545095,0.0
-0.4869,-77.33446326106787,50141500.0,2023-11-11 01:55:12.564715,0.0
-0.4882,-92.90458492934704,50141500.0,2023-11-11 01:55:13.584836,0.0
-0.5057,-96.64899059385061,50141500.0,2023-11-11 01:55:14.597574,0.0
-0.4959,-94.41735249757767,50141500.0,2023-11-11 01:55:15.636367,0.0
-0.5872,-154.14883033186197,50141500.0,2023-11-11 01:55:16.650722,0.0
-0.6223000000000001,-269.34591806679964,50141500.0,2023-11-11 01:55:17.680993,0.0
-0.4524,-43.514115169644356,50141500.0,2023-11-11 01:55:18.706810,0.0
-0.4524,-43.514115169644356,50141500.0,2023-11-11 01:55:19.730950,0.0
-0.4524,-43.514115169644356,50141500.0,2023-11-11 01:55:20.762174,0.0
-0.369,0.6580104380846024,50141500.0,2023-11-11 01:55:21.779849,0.0
-0.08390000000000003,88.67267793416977,50141500.0,2023-11-11 01:55:22.783740,0.0
-0.04990000000000011,98.0635843500495,50141500.0,2023-11-11 01:55:23.798534,0.0
-0.04480000000000006,116.31822946667671,50141500.0,2023-11-11 01:55:24.824830,0.0
-0.04480000000000006,116.31822946667671,50141500.0,2023-11-11 01:55:25.851378,0.0
-0.03500000000000003,120.54435213655233,50141500.0,2023-11-11 01:55:26.865242,0.0
-0.035100000000000076,110.01628856360912,50141500.0,2023-11-11 01:55:27.878561,0.0
-0.035200000000000065,120.45127448439598,50141500.0,2023-11-11 01:55:28.891165,0.0
-0.059400000000000064,99.22784373909235,50141500.0,2023-11-11 01:55:29.913418,0.0
-0.035200000000000065,109.15827050805092,50141500.0,2023-11-11 01:55:30.945720,0.0
-0.0252,183.97393760085106,50141500.0,2023-11-11 01:55:31.977971,0.0
0.2701,4015.240407437086,50145500.0,2023-11-11 01:55:32.996624,7.977423890390196e-05
0.13199999999999998,-187.17409080266953,50157500.0,2023-11-11 01:55:34.013349,0.00031909695561560785
0.0441,-57.106137581169605,50158000.0,2023-11-11 01:55:35.025411,0.0003290687354785956
0.0393,75.49519988894463,50158500.0,2023-11-11 01:55:36.042918,0.0003390405153415833
0.059300000000000005,597.7736634388566,50161500.0,2023-11-11 01:55:37.070891,0.0003190715019293855
0.0671,640.5906489565969,50162000.0,2023-11-11 01:55:38.097578,8.971739022080446e-05
0.032499999999999994,298.22527331113815,50161500.0,2023-11-11 01:55:39.109542,6.977949679014315e-05
0.0219,-1357.415584154427,50163500.0,2023-11-11 01:55:40.121579,9.968400171456483e-05
0.028799999999999996,-1243.6117522642016,50164000.0,2023-11-11 01:55:41.147510,4.9839019965511397e-05
0.036199999999999996,-769.2874415293336,50164500.0,2023-11-11 01:55:42.164087,4.9838523184880984e-05
0.03609999999999999,-770.7536297068,50164500.0,2023-11-11 01:55:43.181136,5.9806823958613676e-05
0.0411,-635.7225005030632,50164500.0,2023-11-11 01:55:44.208813,1.993481316096365e-05
-0.21869999999999998,-1618.9460887759924,50164500.0,2023-11-11 01:55:45.242370,9.967307232278128e-06
-0.1769,-209.96423120051622,50157500.0,2023-11-11 01:55:46.275920,-0.00013954091040476832
0.16809999999999994,1484.9158049300313,50145500.0,2023-11-11 01:55:47.307648,-0.0003787538996700854
0.14940000000000003,1619.5168433338404,50145500.0,2023-11-11 01:55:48.323803,-0.0003787538996700854
0.1443,-461.04669093340635,50148000.0,2023-11-11 01:55:49.337960,-0.00032891786023981105
0.034499999999999996,25.384907014667988,50148000.0,2023-11-11 01:55:50.400781,-0.00018940337935503164
0.034999999999999996,73.72813538461924,50148500.0,2023-11-11 01:55:51.418007,5.982590661175978e-05
0.0366,72.26194083690643,50149000.0,2023-11-11 01:55:52.431099,6.979689104705307e-05
0.0387,155.44641112536192,50149000.0,2023-11-11 01:55:53.454381,1.994097471484406e-05
0.0387,155.44641112536192,50149000.0,2023-11-11 01:55:54.480607,1.994097471484406e-05
0.0402,301.50168547034264,50150000.0,2023-11-11 01:55:55.500606,2.9911163843385147e-05
0.0316,365.0170354768634,50149500.0,2023-11-11 01:55:56.517998,9.970288540150351e-06
0.0385,301.3638729453087,50151500.0,2023-11-11 01:55:57.563724,4.9851442700751757e-05
1.2648,684.4082803726196,50154500.0,2023-11-11 01:55:58.571823,0.00010967317394165388
1.268,469.9199441149831,50155000.0,2023-11-11 01:55:59.613588,9.970089730807577e-05
1.2673,576.9512173831463,50155500.0,2023-11-11 01:56:00.658290,0.00011964226961385458
1.2341,-186.1617480441928,50156000.0,2023-11-11 01:56:01.724549,8.972812378493165e-05
1.2626,707.6820565611124,50154500.0,2023-11-11 01:56:02.762748,0.0
1.2267000000000001,178.89286000281572,50154000.0,2023-11-11 01:56:03.780332,-1.9938191606021334e-05
1.2267000000000001,178.89286000281572,50154000.0,2023-11-11 01:56:04.796561,-2.9906989263390855e-05
1.1087,-13.931804977357388,50154500.0,2023-11-11 01:56:05.814191,-2.9906691123694076e-05
0.6500000000000002,384.39620150625706,50150500.0,2023-11-11 01:56:06.830822,-7.975356149498051e-05
-0.7329,-785.9656516164541,50149500.0,2023-11-11 01:56:07.861827,-8.972365115444431e-05
-0.42939999999999995,-695.59427382797,50149500.0,2023-11-11 01:56:08.882259,-8.972365115444431e-05
-0.11939999999999998,-213.37465155124664,50148000.0,2023-11-11 01:56:09.913434,-0.00012959953742934334
-0.2031,197.8494494855404,50140500.0,2023-11-11 01:56:10.928314,-0.0001993998065821876
-0.21960000000000002,-852.2630548626184,50139000.0,2023-11-11 01:56:11.938033,-0.0002093739718242455
-0.063,-205.65799137204885,50138000.0,2023-11-11 01:56:12.956678,-0.00022931435009322128
-0.0552,-110.13825286924839,50138500.0,2023-11-11 01:56:13.996002,-0.00018943925979101857
-0.0303,-9.06737557798624,50139500.0,2023-11-11 01:56:15.023662,-1.9943957479482654e-05
-0.0262,76.65986390411854,50139500.0,2023-11-11 01:56:16.051433,9.972277069746106e-06
-0.0262,76.65986390411854,50139500.0,2023-11-11 01:56:17.072228,2.9917427898998764e-05
-0.0656,104.56715598702431,50139500.0,2023-11-11 01:56:18.096427,1.9944753034095557e-05
-0.5676,-847.5773297101259,50144000.0,2023-11-11 01:56:19.098065,8.974959861985061e-05
-0.6027999999999999,-928.8836252167821,50144000.0,2023-11-11 01:56:20.116452,8.974959861985061e-05
-0.3564,-482.29491624981165,50144000.0,2023-11-11 01:56:21.144153,8.974959861985061e-05
-0.3984,-809.8669502735138,50144000.0,2023-11-11 01:56:22.155103,8.974959861985061e-05
-0.1248,-378.6932951807976,50144500.0,2023-11-11 01:56:23.181121,9.971282705807276e-06
-0.11920000000000001,-927.1171770989895,50142000.0,2023-11-11 01:56:24.203486,-3.98851308232291e-05
0.9201999999999999,-1188.4410316050053,50146500.0,2023-11-11 01:56:25.238057,4.985641352903638e-05
1.0171999999999997,153.22689727693796,50146500.0,2023-11-11 01:56:26.266407,4.985641352903638e-05
1.0969999999999998,210.69533272832632,50146500.0,2023-11-11 01:56:27.284464,3.9884733121279504e-05
0.8119000000000001,147.30656203627586,50146500.0,2023-11-11 01:56:28.295133,8.974512384827091e-05
0.8122,242.5440632328391,50147000.0,2023-11-11 01:56:29.312234,9.970785598197282e-06
0.8154,243.4526369124651,50147000.0,2023-11-11 01:56:30.330784,9.970785598197282e-06
0.8154,243.4526369124651,50147000.0,2023-11-11 01:56:31.359858,9.970785598197282e-06
0.8154,243.4526369124651,50147000.0,2023-11-11 01:56:32.381909,9.970785598197282e-06
0.8166000000000001,297.31453716009855,50148000.0,2023-11-11 01:56:33.419115,1.9941372365246176e-05
0.8166000000000001,297.31453716009855,50148000.0,2023-11-11 01:56:34.435226,1.9941372365246176e-05
0.7273000000000001,235.03383921086788,50148500.0,2023-11-11 01:56:35.445282,2.9912058547869265e-05
0.8119000000000001,326.51103787124157,50149000.0,2023-11-11 01:56:36.470372,3.988274473049235e-05
0.7952,99.11340359598398,50149000.0,2023-11-11 01:56:37.501579,1.994097471484406e-05
0.8032,264.70812245458364,50150000.0,2023-11-11 01:56:38.523295,3.988194942968812e-05
0.7536,183.1728916540742,50150500.0,2023-11-11 01:56:39.538887,3.988155179118019e-05
0.7771,247.07707907259464,50149000.0,2023-11-11 01:56:40.546697,0.0
0.7771,247.07707907259464,50149000.0,2023-11-11 01:56:41.560339,0.0
0.7772,306.25243662297726,50149000.0,2023-11-11 01:56:42.602552,-1.9940179461615153e-05
0.7772,306.25243662297726,50149000.0,2023-11-11 01:56:43.683349,-2.9909970987328144e-05
-0.0662,-652.3357417061925,50147500.0,2023-11-11 01:56:44.689778,-2.9910865620451057e-05
-0.1358,575.3375385254622,50143500.0,2023-11-11 01:56:45.702542,-0.00010967317394165388
-0.030600000000000002,-108.78957813978195,50143500.0,2023-11-11 01:56:46.719069,-0.00010967317394165388
-0.0328,-110.52422489970922,50143500.0,2023-11-11 01:56:47.741545,-0.00010967317394165388
-0.0335,-214.535923846066,50144000.0,2023-11-11 01:56:48.758008,-6.979410738321951e-05
-0.0335,-214.535923846066,50144000.0,2023-11-11 01:56:49.783961,9.971382133277493e-06
-0.0006000000000000033,-14.707471005618572,50144000.0,2023-11-11 01:56:50.820376,9.971382133277493e-06
0.038799999999999994,169.8356897905469,50143500.0,2023-11-11 01:56:51.860136,0.0
0.0388,78.41260966658592,50143500.0,2023-11-11 01:56:52.877312,-9.971282705807276e-06
0.0388,78.41260966658592,50143500.0,2023-11-11 01:56:53.895664,-9.971282705807276e-06
0.06989999999999999,485.8153368085623,50145500.0,2023-11-11 01:56:54.921325,2.9913848117421826e-05
0.033299999999999996,318.88786343485117,50146500.0,2023-11-11 01:56:55.938573,5.982829279966496e-05
-0.0011000000000000038,165.0238182991743,50147000.0,2023-11-11 01:56:56.955356,6.979967493294246e-05
0.1563,-945.3396194726229,50152500.0,2023-11-11 01:56:57.980389,0.0001794848783989949
0.44859999999999994,75.8240777850151,50155500.0,2023-11-11 01:56:58.999831,0.00019941968870586593
0.3452,571.0304640904069,50155500.0,2023-11-11 01:57:00.021923,0.00017947414076755107
0.25980000000000003,588.4344403296709,50157000.0,2023-11-11 01:57:01.030160,0.00019941372365246178
0.23760000000000003,248.72876930981874,50161000.0,2023-11-11 01:57:02.047812,0.00016948307661632023
-0.032100000000000004,-281.7141048759222,50161000.0,2023-11-11 01:57:03.081654,0.00010965896063243314
-0.0387,-169.47629473358393,50161000.0,2023-11-11 01:57:04.088229,0.00010965896063243314
-0.037599999999999995,-243.40939724445343,50161500.0,2023-11-11 01:57:05.104560,8.971828458639871e-05
-0.043100000000000006,-441.14508575201035,50161000.0,2023-11-11 01:57:06.120455,0.0
0.14540000000000003,-155.00494065880775,50164500.0,2023-11-11 01:57:07.159719,6.977532345846375e-05
0.3141,193.81552930921316,50170500.0,2023-11-11 01:57:08.183657,0.00018939016367297302
0.08480000000000003,-844.0839347317815,50174500.0,2023-11-11 01:57:09.194547,0.0002591629038206593
0.09970000000000001,351.99471704661846,50174500.0,2023-11-11 01:57:10.233785,0.0002691333904826459
0.08990000000000001,337.5798851028085,50174500.0,2023-11-11 01:57:11.269517,0.00019934415772109758
-0.04290000000000001,472.54630133509636,50173500.0,2023-11-11 01:57:12.283480,5.979609531497593e-05
-0.004399999999999998,-60.538466572761536,50173500.0,2023-11-11 01:57:13.299651,-1.9930442754785797e-05
-0.004399999999999998,-60.538466572761536,50173500.0,2023-11-11 01:57:14.314987,-1.9930442754785797e-05
-0.0082,-221.14846953749657,50174000.0,2023-11-11 01:57:15.362826,-9.965221377392899e-06
0.11729999999999999,641.7359365224838,50169000.0,2023-11-11 01:57:16.379662,-8.96887799336303e-05
0.042100000000000005,389.94318190962076,50166000.0,2023-11-11 01:57:17.404686,-0.00014948129988938383
-0.009099999999999997,-1449.8929695785046,50170500.0,2023-11-11 01:57:18.424047,-5.9792519955753535e-05
-0.0407,-635.7982318177819,50171000.0,2023-11-11 01:57:19.456205,-5.979192410411767e-05
0.039900000000000005,-204.9572528898716,50171000.0,2023-11-11 01:57:20.459569,3.986525543662421e-05
0.039900000000000005,-204.9572528898716,50171000.0,2023-11-11 01:57:21.462303,9.966909859267233e-05
0.002400000000000003,-306.0603920593858,50171000.0,2023-11-11 01:57:22.480618,9.966015885829321e-06
0.1161,1712.803937755525,50169000.0,2023-11-11 01:57:23.499057,-3.986366626138606e-05
-0.004800000000000006,-906.9999248608947,50174000.0,2023-11-11 01:57:24.524804,5.979549939207909e-05
0.032,-787.881463252008,50174000.0,2023-11-11 01:57:25.543912,5.979549939207909e-05
0.0319,-748.9903901964426,50174000.0,2023-11-11 01:57:26.543914,5.979549939207909e-05
0.051900000000000016,164.57255610078573,50172500.0,2023-11-11 01:57:27.584656,6.976419701409237e-05
0.11560000000000001,1989.547191850841,50170500.0,2023-11-11 01:57:28.609848,-6.975724478813729e-05
0.0023,56.492481246590614,50173000.0,2023-11-11 01:57:29.638489,-1.9930641368039225e-05
-0.0069,-138.81668331474066,50174000.0,2023-11-11 01:57:30.672486,0.0
-0.0087,-178.1024824976921,50174000.0,2023-11-11 01:57:31.673222,2.9896855847326724e-05
-0.0087,-178.1024824976921,50174000.0,2023-11-11 01:57:32.707893,6.976211120080525e-05
-0.0046,-83.28647094964981,50173000.0,2023-11-11 01:57:33.726624,0.0
-0.0397,-210.63968849927187,50172000.0,2023-11-11 01:57:34.775861,-3.986128273607845e-05
0.041499999999999995,471.78324676305056,50170500.0,2023-11-11 01:57:35.799135,-6.975724478813729e-05
0.04150000000000001,516.2839788869023,50170500.0,2023-11-11 01:57:36.815803,-6.975724478813729e-05
0.0371,456.74709368497133,50170500.0,2023-11-11 01:57:37.841116,-4.982759651605445e-05
